article_id	magazine	proposed_subcategory	title
id"	"name"	(uncertain)	"title"
b81c7bba-3d54-4d5a-ace1-10d000c457ac"	"AI Frontier"	(uncertain)	"Citrix urges admins to patch new NetScaler flaws as soon as possible"
dd9a2e62-740b-4239-8f5d-e990005878d1"	"AI Frontier"	(uncertain)	"The Download: polycrisis support networks and a hydrogen gold rush"
6ecd2829-4dec-4ee6-b136-e326c08f0b4a"	"AI Frontier"	(uncertain)	"Don't Paste the AI, please"
23c4388c-5dab-401f-94a1-ddb35a0e5c32"	"AI Frontier"	(uncertain)	"Support networks aim to help kids through the polycrisis"
107b87be-5a37-4558-8854-dc499f59a4ad"	"AI Frontier"	(uncertain)	"The little-known winstart.bat batch file"
ccccdfff-ecff-4747-b871-2d89ae7b775b"	"AI Frontier"	(uncertain)	"Sol Loves to Cheat"
9561a009-183c-4833-82a1-48622ee864a1"	"AI Frontier"	(uncertain)	"A faster way to calculate the day of the week"
0c2bd818-fb5c-4c4f-99a5-321f6864367d"	"AI Frontier"	(uncertain)	"Windows brings out the Rorschach test in everyone"
db7e7719-c9a7-4113-891f-f0e36ed43b20"	"AI Frontier"	(uncertain)	"Turns are Better than Radians (2022)"
6f068813-af48-4fb9-8aa2-7cae7a563894"	"AI Frontier"	(uncertain)	"Microsoft says August Windows updates may cause gaming issues"
64cf7eed-b9cd-4552-8ed4-48f3e9630ab6"	"AI Frontier"	(uncertain)	"Feature Request: Support AGENTS.md"
d6d2bb89-8b8d-4ffe-8925-d80715d9f592"	"AI Frontier"	(uncertain)	"Ornith-1.5: From Self-Scaffolding to Self-Improvement"
